2000-10-29 00:51:28.7480000,6,5,65.4100036621094,55.3083343505859,24.6459579095663
2000-10-29 01:10:21.6750000,5,12,40.6699981689453,23.4679996490479,15.6986417128422
2000-10-29 01:10:07.4640000,86,5,50.5099983215332,15.3404651187187,13.2822582222913
2000-10-29 00:51:25.8080000,714,0.259999990463257,112.360000610352,17.267198876423,12.9930063756252
2000-10-29 00:51:15.1990000,165,2,58.5999984741211,25.9769697825114,11.208632062943
2000-10-29 01:10:07.4950000,18,3.9300000667572,35.1199989318848,18.9999998807907,9.5551751187264
2000-10-29 00:51:16.9430000,728,0.0500000007450581,40.25,13.648337925247,7.66430969894945
2000-10-29 01:10:32.4800000,14,12.039999961853,30.7800006866455,17.752857208252,7.3270148395067
2000-10-29 01:10:08.1330000,23,8.22999954223633,34.5099983215332,19.2604346897291,7.16816694907291
2000-10-29 05:10:00.9440000,289,0.100000001490116,48.0099983215332,22.0059861694704,6.4394887251379
2000-10-29 01:10:33.9680000,21,0.100000001490116,12.6300001144409,7.23000007867813,6.24382341775946
2000-10-29 05:10:04.2940000,818,0.00999999977648258,27.2399997711182,8.80721270482677,4.91592316359587
2000-10-29 00:51:16.2190000,363,0.00999999977648258,22.3199996948242,8.95911844875715,4.74923739527118
2000-10-29 01:10:32.3430000,263,2.71000003814697,27.5900001525879,12.8367300450575,4.74373148224245
2000-10-29 00:51:16.2330000,768,0.0399999991059303,26.5400009155273,9.18425779600511,4.2642285761196
2000-10-29 00:51:17.2090000,544,0.0900000035762787,25.9899997711182,11.7505882433753,4.21122915583348
2000-10-29 01:10:29.3050000,129,0.109999999403954,26.6100006103516,14.5893799157799,4.12001819530913
2000-10-29 01:10:00.3280000,910,0.0700000002980232,22.3199996948242,7.64198901337254,3.95887649106626
2000-10-29 00:51:15.9770000,45,3.16000008583069,16.4599990844727,10.4413332674238,3.90445113786109
2000-10-29 01:10:35.0780000,298,0.100000001490116,19.7999992370605,10.5276845524075,3.89953756628352
2000-10-29 00:51:15.7860000,679,0.100000001490116,15.75,5.0421354834742,3.74994776603766
2000-10-29 01:10:01.6910000,115,5,17.4400005340576,9.92652173249618,3.58425874318747
2000-10-29 05:10:09.3360000,386,0.0900000035762787,60,14.9060362803079,3.56346222362731
2000-10-29 00:51:18.8240000,679,0.100000001490116,22.2800006866455,8.8135493406491,3.50982646598787
2000-10-29 01:10:08.6760000,18,3,12.4799995422363,6.50999992423587,3.50458178481709
2000-10-29 00:51:15.8850000,321,5.71999979019165,20.2399997711182,9.86772583726782,3.42899939751357
2000-10-29 01:10:11.7820000,3,2.5,8.43000030517578,6.45000012715658,3.42080410935019
2000-10-29 01:10:11.6690000,29,2.69000005722046,14.2200002670288,8.76172402809406,3.37908378732479
2000-10-29 01:10:22.7640000,473,1.62000000476837,15.8199996948242,7.61706132087345,3.33088336097895
2000-10-29 00:51:19.9680000,262,0.100000001490116,17,7.3436641546663,3.31873466883197
2000-10-29 00:51:16.9050000,89,0.100000001490116,10,5.9066292125355,3.31330374388794
2000-10-29 01:10:01.2190000,554,0.0399999991059303,20.9599990844727,9.92767146746174,3.26852215353683
2000-10-29 01:10:06.9480000,304,0.00999999977648258,19.2999992370605,9.15157897416257,3.23229164056299
2000-10-29 00:51:19.9750000,581,0.0900000035762787,12.8999996185303,4.62927710765046,3.21505379592133
2000-10-29 01:10:06.9550000,98,4.01000022888184,18.0200004577637,9.91479589987774,3.17281406111315
2000-10-29 01:10:32.3670000,190,0.00999999977648258,21.2099990844727,10.3781579284782,3.15745498330605
2000-10-29 00:51:16.6390000,100,1.60000002384186,14.6300001144409,6.00459997057915,3.02723975358
2000-10-29 01:10:35.9620000,6,0.100000001490116,6.32999992370605,3.82666670531034,3.01006755673335
2000-10-29 00:51:22.6540000,395,0.100000001490116,13.2299995422363,5.06369619394028,2.98587849853149
2000-10-29 01:10:31.1000000,496,0.709999978542328,14.1400003433228,3.14893144849808,2.97983306282664
2000-10-29 00:51:17.0560000,251,3.82999992370605,17.7900009155273,7.55015936505747,2.97834223867523
2000-10-29 00:51:16.2260000,655,0.100000001490116,16.8600006103516,6.67042747395867,2.96378974100097
2000-10-29 01:10:27.4790000,271,0.0900000035762787,16.9500007629395,8.380590422457,2.91587158749598
2000-10-29 01:10:32.7320000,161,0.00999999977648258,18.3099994659424,12.0976397458649,2.90504568670556
2000-10-29 00:51:18.8170000,761,0.100000001490116,19.5900001525879,6.49513797121277,2.87554405076525
2000-10-29 00:51:16.0420000,6,0.5,7,5.25,2.82400424928859
2000-10-29 01:10:29.1760000,74,0.889999985694885,13.1800003051758,7.34689190419945,2.76806942775802
2000-10-29 01:10:16.7010000,869,1.48000001907349,14.9899997711182,5.3566858496847,2.76643698783106
2000-10-29 00:51:15.7620000,652,0.100000001490116,14.1000003814697,4.07642638412493,2.74725814710823
2000-10-29 01:10:11.0580000,3,61.2700004577637,65.9899978637695,64.4133338928223,2.72221119414157
2000-10-29 01:10:07.4710000,37,8.27999973297119,16.2600002288818,10.4924324138744,2.6475527436058
2000-10-29 01:10:28.4070000,25,3,14.0699996948242,8.13400009155273,2.62154378219121
2000-10-29 01:10:33.9130000,2,8.57999992370605,12.2700004577637,10.4250001907349,2.60922440021412
2000-10-29 00:51:16.8370000,851,0.100000001490116,18.9599990844727,5.64299647727178,2.57060588603398
2000-10-29 01:10:12.8710000,16,61.2799987792969,68.1500015258789,62.7862503528595,2.52720695915905
2000-10-29 01:10:02.4140000,161,2.92000007629395,14.5,7.2844099361704,2.4242601563329
2000-10-29 01:10:08.4850000,16,2,10.0100002288818,4.96062499284744,2.34269491817851
2000-10-29 01:10:35.7710000,80,2.29999995231628,9.47999954223633,4.64487497806549,2.32500603118749
2000-10-29 00:51:16.8990000,1078,2.14000010490417,16.1399993896484,5.79490724565368,2.31844584382614
2000-10-29 00:51:16.5090000,997,0.00999999977648258,11.1000003814697,5.29866600234842,2.30274642444386
2000-10-29 01:10:18.1320000,26,7,16.0699996948242,10.2342307750995,2.29417188383525
2000-10-29 05:10:10.7900000,61,0.100000001490116,12.4099998474121,8.10754096862234,2.24478405538057
2000-10-29 00:51:23.8800000,440,0.0900000035762787,11.8400001525879,6.49293182355098,2.24038879282721
2000-10-29 01:10:33.9820000,50,0.00999999977648258,9.15999984741211,4.63840000148863,2.23817923371847
2000-10-29 00:51:15.2500000,326,0.109999999403954,17.8600006103516,13.7215951442307,2.22476550765404
2000-10-29 01:10:23.9760000,11,0.870000004768372,8,4.8790908835151,2.22385456624714
2000-10-29 01:10:33.1730000,31,8.63000011444092,16.25,10.5161289707307,2.18014316941517
2000-10-29 01:10:34.0260000,351,0.310000002384186,10.3000001907349,5.2112535496383,2.1545583855052
2000-10-29 01:10:08.5150000,33,5.03999996185303,11.2399997711182,6.59575758558331,2.15101433584649
2000-10-29 01:10:32.3500000,101,1.19000005722046,13.5799999237061,8.51366336746971,2.13936190530279
2000-10-29 00:51:16.5300000,867,0.100000001490116,20,12.1153287379438,2.08732730576719
2000-10-29 01:10:31.8410000,7,0.100000001490116,5.21000003814697,2.43142858254058,2.04797811395019
2000-10-29 01:10:00.8610000,37,4.26000022888184,12.3199996948242,9.08135139619982,2.01650575002624
2000-10-29 05:10:00.4630000,752,0.879999995231628,11.7700004577637,5.20359042714885,2.0119728529922
2000-10-29 01:10:00.3350000,11,1,6.1100001335144,3.67727275328203,1.97638102887759
2000-10-29 00:51:15.7930000,516,5.01000022888184,16.2399997711182,9.85005813513615,1.97022746940521
2000-10-29 01:10:33.9370000,92,1.50999999046326,11.960000038147,7.89249997812769,1.95666939035941
2000-10-29 00:51:19.9440000,571,5,15.0200004577637,9.12134851048164,1.91251374071941
2000-10-29 01:10:09.9700000,813,0.00999999977648258,10.8000001907349,4.48485854854819,1.89804699619133
2000-10-29 01:10:32.6190000,71,0.119999997317791,15.1099996566772,13.2492957466715,1.89481344027676
2000-10-29 00:51:15.9460000,430,1.50999999046326,10.4899997711182,4.00055814898291,1.89459497586992
2000-10-29 01:10:34.5690000,12,2,8.5,7.95833333333333,1.87638837486628
2000-10-29 00:51:15.8780000,525,1.48000001907349,10,4.25977143287659,1.8526914407206
2000-10-29 01:10:00.6320000,28,5,11.8199996948242,8.92785719462803,1.81630555455347
2000-10-29 01:10:27.6150000,6,2,6.30000019073486,5.58333349227905,1.75546772686179
2000-10-29 01:10:33.9200000,230,0.959999978542328,7.76000022888184,3.94243477971657,1.75316163635327
2000-10-29 01:10:16.9090000,95,4.73999977111816,11,7.17252622403597,1.72946434266285
2000-10-29 00:51:16.7140000,1085,0.00999999977648258,14.3800001144409,6.82687557282845,1.70570145507146
2000-10-29 00:51:16.2570000,1034,2,11.3699998855591,5.63130561295515,1.69434106113737
2000-10-29 00:51:16.5470000,779,0.00999999977648258,15.0200004577637,4.67187421228761,1.69095435009497
2000-10-29 00:51:19.0980000,457,7.17000007629395,19.5200004577637,14.2283807479057,1.67260133338169
2000-10-29 01:10:32.7870000,79,0.680000007152557,6.92999982833862,2.04886076344719,1.66997004449169
2000-10-29 00:51:15.1680000,120,0.5,15,2.36583331078291,1.59145648931431
2000-10-29 01:10:00.5710000,145,0.970000028610229,7.1100001335144,3.02434483396596,1.57634632892999
2000-10-29 01:10:33.9750000,58,0.00999999977648258,5.61999988555908,3.92862068993393,1.5682781294042
2000-10-29 01:10:32.2510000,392,0.180000007152557,18.3899993896484,3.07150509489738,1.528508446153
2000-10-29 00:51:15.9080000,751,0.0399999991059303,9.42000007629395,4.65766977086247,1.51764591235979
2000-10-29 00:51:15.7790000,829,0.00999999977648258,13.7799997329712,5.09556093810865,1.45804760445409
2000-10-29 01:10:08.1640000,795,0.100000001490116,7.55999994277954,2.83813836683267,1.45738986165483
2000-10-29 00:51:15.8610000,291,1,10,2.52938145378611,1.42575654365339
2000-10-29 01:10:23.4640000,509,0.0900000035762787,7.03000020980835,3.38257367692317,1.42408456444077
2000-10-29 01:10:30.6080000,25,0.100000001490116,6.69999980926514,5.76359999090433,1.37246091370387
2000-10-29 00:51:16.9120000,535,3.99000000953674,12,8.92224299573453,1.37062607933003
2000-10-29 01:10:35.7400000,137,2.52999997138977,7.11999988555908,4.91270074009025,1.32007660667685
2000-10-29 00:51:18.5720000,67,0.200000002980232,7,1.88432835665212,1.30298632878421
2000-10-29 01:10:32.2370000,305,0.100000001490116,5.98000001907349,2.18154097524334,1.29824953544872
2000-10-29 01:10:07.9690000,102,5.07000017166138,9.59000015258789,6.54392156881445,1.29751185271124
2000-10-29 01:10:09.4440000,213,2,8.88000011444092,5.40220656081544,1.29362637164971
2000-10-29 00:51:15.8230000,929,0.00999999977648258,13.1099996566772,4.35919268724215,1.28811138544484
2000-10-29 01:10:08.5220000,507,0.100000001490116,7.82000017166138,4.89124260673803,1.27340346142587
2000-10-29 00:51:15.7480000,97,1,11.3999996185303,2.65041236410436,1.27191283795863
2000-10-29 01:10:32.2440000,261,0.100000001490116,6.17000007629395,3.3927586245925,1.26144333710388
2000-10-29 01:10:32.2200000,91,2.20000004768372,7.61999988555908,4.48637364984869,1.25875378622167
2000-10-29 01:10:31.2160000,46,4.09999990463257,8.64999961853027,5.68913039953812,1.25648680868599
2000-10-29 01:10:32.2130000,203,0.639999985694885,6.67999982833862,2.66610837070813,1.25573933051001
2000-10-29 00:51:15.9840000,798,0.0199999995529652,12.3400001525879,4.33566415808945,1.25571527129687
2000-10-29 01:10:22.8490000,121,0.319999992847443,5,1.9661983680134,1.21547676427757
2000-10-29 01:10:10.8910000,179,4.73000001907349,10.2200002670288,7.11078215444554,1.16838046597135
2000-10-29 00:51:16.7760000,3,1,3,1.66666666666667,1.15470053837925
2000-10-29 01:10:06.6890000,466,0.829999983310699,10,3.1779613713594,1.15463327529744
2000-10-29 01:10:34.2620000,31,0.100000001490116,3.53999996185303,1.63774192140948,1.15282756631675
2000-10-29 01:10:33.9440000,299,2.63000011444092,9.82999992370605,7.56565217589056,1.13506548870858
2000-10-29 01:10:34.5380000,3,1.20000004768372,3.25,2.48333334922791,1.11840657729612
2000-10-29 01:10:35.7640000,66,3.13000011444092,7.69999980926514,5.13651514053345,1.10407980232426
2000-10-29 01:10:09.2770000,255,2.40000009536743,7.76000022888184,4.04176472963071,1.10351179737341
2000-10-29 01:10:33.2410000,16,2.29999995231628,4.75,3.0368749499321,1.10111896271194
2000-10-29 00:51:16.7900000,743,0.0900000035762787,10,3.27794077347658,1.08290324790448
2000-10-29 01:10:32.0220000,457,0.259999990463257,5.21000003814697,1.98181619653295,1.08265977864325
2000-10-29 05:10:10.4550000,974,0.00999999977648258,10,4.06200204113617,1.08092969873797
2000-10-29 01:10:33.2340000,60,0.100000001490116,3.66000008583069,1.67216667495668,1.03753962878406
2000-10-29 00:51:25.8150000,777,4.07000017166138,11.4099998474121,6.07603604943903,1.0260828898694
2000-10-29 01:10:35.5110000,76,0.00999999977648258,5,3.81842105093069,0.994610883854862
2000-10-29 01:10:32.6260000,41,1.0900000333786,7.57000017166138,7.24146340242246,0.986262028800282
2000-10-29 01:10:15.3840000,14,28.4400005340576,30.7999992370605,29.9792856488909,0.975125064751806
2000-10-29 01:10:34.4390000,230,1.14999997615814,4.82999992370605,2.29539130926132,0.973370567317998
2000-10-29 01:10:35.4810000,24,0.100000001490116,5.09999990463257,3.74958335763464,0.942182854914273
2000-10-29 01:10:13.2740000,860,1.32000005245209,6.34999990463257,4.17810464681581,0.917306880634843
2000-10-29 00:51:15.8540000,171,1.72000002861023,6.1100001335144,3.01894738241943,0.904744389316168
2000-10-29 01:10:34.2310000,250,0.360000014305115,4.34000015258789,1.7568400042057,0.89081210445799
2000-10-29 01:10:29.2990000,16,11.8900003433228,13.9700002670288,12.7581249475479,0.864910219207903
2000-10-29 01:10:32.2060000,125,0.100000001490116,3.23000001907349,1.71599999314547,0.838411512259583
2000-10-29 01:10:26.5020000,8,11,12.9399995803833,12.2599999904633,0.806526770382909
2000-10-29 01:10:33.0810000,28,3.20000004768372,5.32000017166138,4.33357145956584,0.799764837384266
2000-10-29 00:51:18.8310000,1084,1.5,5.40999984741211,3.53188192558465,0.786569375665674
2000-10-29 01:10:30.1100000,393,0.100000001490116,4.23000001907349,2.26826972279309,0.784994516090359
2000-10-29 01:10:21.8420000,594,0.00999999977648258,8.64999961853027,7.23668349798932,0.777716171014175
2000-10-29 01:10:07.0440000,270,0.00999999977648258,12,2.95329626982135,0.755989147100703
2000-10-29 01:10:30.1340000,283,0.180000007152557,3.76999998092651,1.62833922269488,0.754955072336317
2000-10-29 01:10:33.9060000,209,0.0399999991059303,3.34999990463257,1.33124401962215,0.737380617246318
2000-10-29 01:10:30.0590000,406,0.100000001490116,5.6100001335144,2.60785714168046,0.729225254973824
2000-10-29 01:10:36.2420000,24,2.35999989509583,4.98000001907349,3.22541670004527,0.728912126036745
2000-10-29 01:10:35.8490000,4,2.99000000953674,4.17000007629395,3.58000004291534,0.681273356186047
2000-10-29 01:10:30.0970000,414,0.200000002980232,6,2.30528984607562,0.680030826712123
2000-10-29 01:10:32.8480000,376,0.779999971389771,3.89000010490417,1.63215427100658,0.678847142454923
2000-10-29 00:51:16.8060000,32,1.00999999046326,3.44000005722046,2.35437501966953,0.6772903282206
2000-10-29 01:10:01.8060000,555,0.639999985694885,6.96000003814697,3.86942342659375,0.646865008856377
2000-10-29 01:10:21.6440000,11,4.69999980926514,6.13000011444092,5.14454538171942,0.643496264279339
2000-10-29 00:51:15.6250000,51,1.99000000953674,4.40000009536743,3.13901962018481,0.636255499524255
2000-10-29 00:51:15.9600000,917,0.100000001490116,3.66000008583069,1.5627262784877,0.636025096109854
2000-10-29 01:10:01.8130000,150,0.00999999977648258,2.74000000953674,1.74193335365504,0.622899373878073
2000-10-29 05:10:09.2200000,18,5.3899998664856,7.34999990463257,6.69388887617323,0.608490362945668
2000-10-29 01:10:34.2240000,188,0.409999996423721,2.79999995231628,1.35755318942222,0.592323775692746
2000-10-29 01:10:36.6860000,25,1.22000002861023,3.25,2.14520000934601,0.58840264350931
2000-10-29 01:10:31.7350000,10,2.70000004768372,4.23999977111816,3.34499995708466,0.568413902800959
2000-10-29 01:10:11.5460000,190,1,3.28999996185303,2.21115788158618,0.560556907860388
2000-10-29 01:10:12.9940000,552,2,4.36999988555908,2.99177537404973,0.555303190753617
2000-10-29 01:10:30.1030000,83,0.469999998807907,2.3199999332428,1.23373493552208,0.536023544945918
2000-10-29 01:10:32.5890000,31,4.01999998092651,5.55000019073486,4.98709678649902,0.532185365149912
2000-10-29 01:10:30.9120000,172,0.970000028610229,5.05999994277954,2.84005814166956,0.524718243590008
2000-10-29 01:10:34.2000000,60,0.100000001490116,3.80999994277954,1.46566666327417,0.521836280912495
2000-10-29 01:10:34.2170000,48,4.67999982833862,6.71999979019165,5.90187499920527,0.520129516359881
2000-10-29 01:10:31.5820000,198,0.689999997615814,2.88000011444092,1.75494949143342,0.516016310308798
2000-10-29 01:10:01.5610000,106,0.00999999977648258,3.32999992370605,1.42207548958864,0.507394300864801
2000-10-29 01:10:31.7590000,8,2.42000007629395,3.53999996185303,2.71000003814697,0.49638691158682
2000-10-29 01:10:29.6880000,137,0.00999999977648258,3.63000011444092,2.65547444531354,0.492545842529684
2000-10-29 01:10:34.3300000,388,1,5,3.47945876803595,0.486248589487971
2000-10-29 01:10:32.6330000,43,7.1399998664856,9.10000038146973,8.26558136385541,0.48587826923628
2000-10-29 01:10:30.1410000,294,0.509999990463257,2.40000009536743,1.35119048206985,0.455387490333894
2000-10-29 01:10:35.7880000,74,0.100000001490116,2.86999988555908,2.47081079485046,0.441488002662157
2000-10-29 00:51:19.1040000,244,0.100000001490116,2.88000011444092,2.11758197102024,0.42575652794253
2000-10-29 01:10:31.9950000,109,0.00999999977648258,2.70000004768372,2.01000000128027,0.415059119868369
2000-10-29 01:10:30.9050000,140,0.680000007152557,3.16000008583069,1.74450000481946,0.408191883650381
2000-10-29 01:10:30.1580000,71,0.00999999977648258,1.07000005245209,0.647183095616564,0.375557425844561
2000-10-29 01:10:30.0420000,52,0.140000000596046,1.95000004768372,1.23153846109143,0.366463681567692
2000-10-29 01:10:31.9260000,248,0.850000023841858,3.76999998092651,2.95645162511256,0.356543659313351
2000-10-29 01:10:32.6400000,33,8.85999965667725,9.72000026702881,9.12060604673443,0.331746648951735
2000-10-29 01:10:21.6990000,80,15.1700000762939,17.2999992370605,15.5923750162125,0.323255726221756
2000-10-29 01:10:32.1450000,3,1,1.54999995231628,1.36666663487752,0.317542620524088
2000-10-29 01:10:12.4820000,49,5.1100001335144,6.03999996185303,5.56040815431245,0.298837771343443
2000-10-29 01:10:09.2460000,447,2.8199999332428,7.82000017166138,7.34454139447052,0.298705280011367
2000-10-29 01:10:31.5990000,22,1,1.96000003814697,1.51636364785108,0.292485997081523
2000-10-29 01:10:00.1750000,10,4.67000007629395,5.42999982833862,4.81499996185303,0.259497363211696
2000-10-29 01:10:30.5610000,5,12,12.5799999237061,12.4,0.235902464027489
2000-10-29 01:10:32.1140000,6,3.79999995231628,4.28000020980835,4,0.231948340814086
2000-10-29 01:10:18.0950000,142,3.63000011444092,4.32999992370605,3.86908451604172,0.222401134269921
2000-10-29 01:10:31.7420000,4,1.64999997615814,2.0699999332428,1.88999995589256,0.208965686378406
2000-10-29 01:10:26.6180000,5,2.41000008583069,2.79999995231628,2.65199999809265,0.203150127276972
2000-10-29 01:10:32.1760000,33,1.08000004291534,1.85000002384186,1.54424242539839,0.185051187570715
2000-10-29 01:10:26.7930000,8,2.79999995231628,3.29999995231628,3.12375000119209,0.172455996998224
2000-10-29 01:10:30.6220000,3,14.3199996948242,14.6499996185303,14.5099999109904,0.170587296006028
2000-10-29 01:10:27.4620000,6,5.30000019073486,5.76000022888184,5.51666680971781,0.145968048449055
2000-10-29 00:51:15.8160000,4,4.46999979019165,4.73999977111816,4.57999992370605,0.117473370395624
2000-10-29 01:10:08.5770000,3,4.17000007629395,4.3600001335144,4.23666667938232,0.106926864918743
2000-10-29 01:10:30.6150000,6,10.3500003814697,10.5200004577637,10.418333530426,0.0757408869167095
2000-10-29 05:10:06.2290000,3,2.88000011444092,3,2.95666670799255,0.0665832176860288
2000-10-29 01:10:30.9290000,191,1.28999996185303,1.72000002861023,1.51099475952967,0.0538277419884992
2000-10-29 01:10:30.6390000,3,15.460000038147,15.5100002288818,15.483333269755,0.0251662486822832
2000-10-29 01:10:34.3540000,7,3.26999998092651,3.29999995231628,3.29571424211775,0.0113389233766414
2000-10-29 01:10:33.5620000,6,11.9799995422363,12,11.9933331807454,0.010328191978397
2000-10-29 01:10:29.2750000,3,12.9899997711182,13.0100002288818,13,0.0100002288818359
2000-10-29 01:10:33.9990000,3,6.17999982833862,6.19999980926514,6.18999989827474,0.00999999046432265
2000-10-29 01:10:33.5860000,9,11.9799995422363,12,11.9933331807454,0.00866045225532877
2000-10-29 01:10:33.5310000,9,11.9799995422363,12,11.9955554538303,0.00726499785158394
2000-10-29 01:10:36.2660000,2,3.39000010490417,3.40000009536743,3.3950001001358,0.00707106106836971
2000-10-29 01:10:34.3230000,9,15.6899995803833,15.710000038147,15.7011109458076,0.00600938966769024
2000-10-29 01:10:08.4920000,3,4.30000019073486,4.30999994277954,4.30666669209798,0.00577335953472164
2000-10-29 01:10:34.7050000,4,6.69999980926514,6.69999980926514,6.69999980926514,0
2000-10-29 00:51:17.3530000,9,1,1,1,0
2000-10-29 01:10:32.2820000,7,2.5,2.5,2.5,0
2000-10-29 01:10:24.0100000,8,15,15,15,0
2000-10-29 01:10:22.9240000,3,1.39999997615814,1.39999997615814,1.39999997615814,0
2000-10-29 01:10:30.4170000,3,141,141,141,0
2000-10-29 01:10:36.0680000,4,2.84999990463257,2.84999990463257,2.84999990463257,0
2000-10-29 01:10:10.5630000,3,80,80,80,0
2000-10-29 01:10:22.0300000,176,2.40000009536743,2.40000009536743,2.40000009536743,0
2000-10-29 01:10:31.8580000,1,0.100000001490116,0.100000001490116,0.100000001490116,NULL
2000-10-29 01:10:15.3910000,1,2,2,2,NULL
2000-10-29 01:10:09.7720000,1,20,20,20,NULL
2000-10-29 01:10:23.0750000,1,3,3,3,NULL
2000-10-29 01:10:30.4000000,1,73.5,73.5,73.5,NULL
2000-10-29 01:10:34.3160000,1,4.21000003814697,4.21000003814697,4.21000003814697,NULL
2000-10-29 01:10:23.6480000,1,0.330000013113022,0.330000013113022,0.330000013113022,NULL
2000-10-29 05:10:00.8900000,1,3.99000000953674,3.99000000953674,3.99000000953674,NULL
